City_ID,City,Country,Lat,Lng,Max Temp,Humidity,Cloudiness,Wind Speed,Current Description
0,Podgornoye,RU,51.735,39.1496,16.02,92,100,4.47,overcast clouds
1,New Norfolk,AU,-42.7826,147.0587,71.1,44,76,9.37,light rain
2,Mpanda,TZ,-6.3655,31.0409,63.72,96,100,1.19,overcast clouds
3,Nishihara,JP,26.1842,127.7558,71.26,53,40,16.11,scattered clouds
4,Nikolskoye,RU,59.7035,30.7861,26.49,89,100,13.76,overcast clouds
5,Arraial Do Cabo,BR,-22.9661,-42.0278,76.57,89,100,23.8,overcast clouds
6,Lebu,CL,-37.6167,-73.65,58.15,72,0,19.17,clear sky
7,Novikovo,RU,51.1537,37.8879,1.2,100,92,4.29,overcast clouds
8,Alcantara,BR,-2.4089,-44.4147,77.2,91,100,5.68,heavy intensity rain
9,Kapaa,US,22.0752,-159.319,76.98,82,20,4.61,few clouds
10,Billings,US,45.7833,-108.5007,35.37,51,20,5.75,few clouds
11,Ahipara,NZ,-35.1667,173.1667,70.27,65,45,5.28,scattered clouds
12,Mataura,NZ,-46.1927,168.8643,78.49,35,55,2.55,broken clouds
13,Saint Anthony,US,45.0205,-93.218,27.66,76,13,5.01,few clouds
14,Rikitea,PF,-23.1203,-134.9692,79.97,75,11,14.54,light rain
15,Macapa,BR,0.0389,-51.0664,76.98,94,0,3.44,clear sky
16,Yumen,CN,40.2833,97.2,20.88,46,0,9.73,clear sky
17,Vaini,TO,-21.2,-175.2,84.36,84,75,10.36,moderate rain
18,Akureyri,IS,65.6835,-18.0878,30.13,69,75,3.44,broken clouds
19,Manado,ID,1.487,124.8455,88.57,58,20,5.75,few clouds
20,Saldanha,ZA,-33.0117,17.9442,62.65,86,0,14.76,clear sky
21,Kaitangata,NZ,-46.2817,169.8464,69.39,56,13,9.4,few clouds
22,Carnarvon,AU,-24.8667,113.6333,84.7,44,0,16.06,clear sky
23,Kindu,CD,-2.95,25.95,70.23,83,100,0.51,overcast clouds
24,Port Alfred,ZA,-33.5906,26.891,71.69,90,99,2.26,moderate rain
25,Albany,US,42.6001,-73.9662,27.03,68,52,4.0,broken clouds
26,Presidente Epitacio,BR,-21.7633,-52.1156,69.49,90,55,5.3,broken clouds
27,Lithakia,GR,37.7167,20.8333,42.17,73,77,9.51,broken clouds
28,Ponta Delgada,PT,37.7333,-25.6667,56.12,88,20,3.44,few clouds
29,Saskylakh,RU,71.9167,114.0833,-33.36,100,99,2.98,overcast clouds
30,Novoagansk,RU,61.9449,76.6625,3.92,96,100,5.82,overcast clouds
31,Busselton,AU,-33.65,115.3333,76.53,47,0,1.77,clear sky
32,Gunnedah,AU,-30.9833,150.25,94.21,23,0,7.72,clear sky
33,Katherine,AU,-14.4667,132.2667,89.92,62,75,9.22,broken clouds
34,Kodinsk,RU,58.6881,99.1844,13.84,87,76,10.04,broken clouds
35,Mumford,GH,5.2618,-0.759,77.22,80,42,4.43,scattered clouds
36,Bengkulu,ID,-3.8004,102.2655,81.63,69,96,2.01,overcast clouds
37,Cape Town,ZA,-33.9258,18.4232,67.37,69,0,13.0,clear sky
38,Jalu,LY,29.0331,21.5482,51.12,47,92,7.43,overcast clouds
39,Pringsewu,ID,-5.3582,104.9744,79.97,81,79,2.84,broken clouds
40,Westport,US,41.1415,-73.3579,36.32,64,100,18.41,overcast clouds
41,Ushuaia,AR,-54.8,-68.3,47.86,71,75,19.57,broken clouds
42,Barrow,US,71.2906,-156.7887,-18.38,69,0,5.75,haze
43,Bethel,US,41.3712,-73.414,34.16,66,100,5.99,overcast clouds
44,Poum,NC,-20.2333,164.0167,78.84,68,31,13.51,scattered clouds
45,Dingli,MT,35.8614,14.3822,46.56,87,100,4.61,overcast clouds
46,Carbonear,CA,47.7332,-53.2148,33.75,89,100,11.39,snow
47,Husavik,IS,66.0449,-17.3389,24.24,81,89,4.72,light snow
48,Olinda,BR,-8.0089,-34.8553,82.13,74,40,5.75,scattered clouds
49,Grindavik,IS,63.8424,-22.4338,31.95,74,40,8.05,scattered clouds
50,Hobart,AU,-42.8794,147.3294,71.46,53,75,16.11,light rain
51,Mar Del Plata,AR,-38.0023,-57.5575,57.94,70,20,8.01,few clouds
52,Jundiai,BR,-23.1864,-46.8842,74.95,95,100,3.8,overcast clouds
53,Clyde River,CA,70.4692,-68.5914,-28.97,68,100,4.61,overcast clouds
54,Ribeira Grande,PT,38.5167,-28.7,60.78,78,97,10.0,overcast clouds
55,Cockburn Town,TC,21.4612,-71.1419,77.43,73,33,21.65,scattered clouds
56,Kodiak,US,57.79,-152.4072,36.27,76,100,7.58,overcast clouds
57,Nyandoma,RU,61.669,40.1991,15.62,93,100,10.65,overcast clouds
58,Atuona,PF,-9.8,-139.0333,79.52,80,81,20.92,broken clouds
59,East London,ZA,-33.0153,27.9116,71.67,92,100,9.17,light rain
60,Avarua,CK,-21.2078,-159.775,86.05,70,40,8.05,light rain
61,Muros,ES,42.7762,-9.0603,47.84,89,0,6.17,clear sky
62,Hasaki,JP,35.7333,140.8333,55.29,44,0,2.75,clear sky
63,Maceio,BR,-9.6658,-35.7353,74.64,88,20,3.44,few clouds
64,Lagoa,PT,39.05,-27.9833,59.07,76,100,10.83,overcast clouds
65,Qunduz,AF,36.729,68.857,48.34,88,100,3.62,light rain
66,Omboue,GA,-1.5746,9.2618,77.97,89,96,4.25,overcast clouds
67,Tsabong,BW,-26.0217,22.401,69.91,71,14,5.68,few clouds
68,Mirador,BR,-6.3708,-44.3631,73.74,93,100,0.74,overcast clouds
69,Acarau,BR,-2.8856,-40.12,76.6,90,97,8.63,overcast clouds
70,Itarema,BR,-2.9248,-39.9167,76.35,91,97,8.77,overcast clouds
71,Ugep,NG,5.8086,8.0812,72.32,24,6,4.05,clear sky
72,Cherskiy,RU,68.75,161.3,-37.55,95,100,1.23,overcast clouds
73,Hoquiam,US,46.9809,-123.8893,44.96,83,99,4.68,overcast clouds
74,Hithadhoo,MV,-0.6,73.0833,81.3,74,77,11.25,broken clouds
75,Turukhansk,RU,65.8167,87.9833,3.56,95,100,6.33,overcast clouds
76,Mahebourg,MU,-20.4081,57.7,73.26,88,20,3.44,few clouds
77,Nerja,ES,36.7585,-3.8873,62.49,100,100,10.92,overcast clouds
78,Hermanus,ZA,-34.4187,19.2345,61.81,79,48,9.42,scattered clouds
79,Avera,US,33.194,-82.5271,42.85,55,55,15.79,broken clouds
80,Bredasdorp,ZA,-34.5322,20.0403,65.53,72,92,6.69,overcast clouds
81,Puerto Ayora,EC,-0.7393,-90.3518,80.55,91,49,1.99,scattered clouds
82,Kashi,CN,39.4547,75.9797,36.61,55,75,2.24,broken clouds
83,Shingu,JP,33.7333,135.9833,58.71,56,8,5.01,clear sky
84,Ponta Do Sol,PT,32.6667,-17.1,61.72,77,30,5.55,scattered clouds
85,Abha,SA,18.2164,42.5053,49.82,53,20,0.0,few clouds
86,Masuda,JP,34.6667,131.85,53.87,82,75,14.97,broken clouds
87,Orzhytsya,UA,49.7918,32.7012,31.51,93,100,12.62,light snow
88,Tilichiki,RU,60.4667,166.1,-11.04,83,98,9.69,overcast clouds
89,Kiunga,PG,-6.1219,141.2906,91.8,52,64,4.0,broken clouds
90,Aklavik,CA,68.2191,-135.0107,-21.33,95,7,10.16,clear sky
91,Atar,MR,20.5169,-13.0499,68.36,29,0,9.69,clear sky
92,Carnot,CF,4.9409,15.8665,65.25,31,25,2.57,scattered clouds
93,Bathsheba,BB,13.2167,-59.5167,77.61,69,20,17.27,few clouds
94,Airai,TL,-8.9266,125.4092,73.53,56,49,1.95,scattered clouds
95,Faanui,PF,-16.4833,-151.75,79.57,72,100,3.49,moderate rain
96,Port Elizabeth,ZA,-33.918,25.5701,67.1,94,100,15.21,light rain
97,Lavrentiya,RU,65.5833,-171.0,-11.96,89,100,14.18,overcast clouds
98,Thompson,CA,55.7435,-97.8558,-12.84,77,20,4.61,few clouds
99,Guerrero Negro,MX,27.9769,-114.0611,60.62,32,100,6.42,overcast clouds
100,Georgetown,MY,5.4112,100.3354,84.13,81,20,11.5,few clouds
101,Saint-Philippe,RE,-21.3585,55.7679,76.59,81,58,9.08,broken clouds
102,Punta Arenas,CL,-53.15,-70.9167,50.11,57,40,9.22,scattered clouds
103,Plouzane,FR,48.3833,-4.6167,50.32,93,100,11.5,overcast clouds
104,Ibra,OM,22.6906,58.5334,66.61,26,6,2.28,clear sky
105,Bilma,NE,18.6853,12.9164,59.4,23,50,6.38,scattered clouds
106,Apac,UG,1.9756,32.5386,73.47,35,99,5.21,overcast clouds
107,Mount Gambier,AU,-37.8333,140.7667,72.75,44,0,9.44,clear sky
108,Makakilo City,US,21.3469,-158.0858,70.12,89,100,3.44,light intensity drizzle
109,Hilo,US,19.7297,-155.09,74.28,96,100,8.99,moderate rain
110,Krasnogorskoye,RU,52.2953,86.1979,-4.49,98,31,4.21,scattered clouds
111,Lompoc,US,34.6391,-120.4579,55.02,67,100,13.0,overcast clouds
112,Kruisfontein,ZA,-34.0033,24.7314,64.89,92,100,8.55,light rain
113,Upernavik,GL,72.7868,-56.1549,-21.93,93,83,11.03,broken clouds
114,Qianan,CN,44.9932,124.0581,17.82,51,3,6.29,clear sky
115,Yar-Sale,RU,66.8333,70.8333,5.36,87,100,8.72,overcast clouds
116,Tondano,ID,1.3038,124.9112,80.69,70,56,2.95,broken clouds
117,Dwarka,IN,22.2394,68.9678,70.9,76,0,9.69,clear sky
118,Century Village,US,26.7139,-80.1289,76.01,83,75,9.22,broken clouds
119,Castro,BR,-24.7911,-50.0119,63.48,95,98,3.67,overcast clouds
120,Khatanga,RU,71.9667,102.5,-16.67,99,100,6.26,overcast clouds
121,Qaanaaq,GL,77.484,-69.3632,-14.78,73,51,7.94,broken clouds
122,Oranjemund,NA,-28.55,16.4333,64.38,90,100,8.66,overcast clouds
123,Kudahuvadhoo,MV,2.6708,72.8944,79.99,74,50,9.86,scattered clouds
124,Codrington,AU,-38.2667,141.9667,70.45,52,2,13.04,clear sky
125,Pevek,RU,69.7008,170.3133,-39.84,95,100,1.61,overcast clouds
126,Provideniya,RU,64.3833,-173.3,3.36,60,100,21.99,overcast clouds
127,Abnub,EG,27.2696,31.1511,48.42,67,5,8.72,clear sky
128,Petropavlovsk-Kamchatskiy,RU,53.0452,158.6483,12.79,48,0,2.24,clear sky
129,Ambilobe,MG,-13.2,49.05,73.87,95,53,1.03,broken clouds
130,Gushikawa,JP,26.3544,127.8686,71.19,56,0,10.36,clear sky
131,Domoni,KM,-12.2569,44.5319,79.14,86,98,5.5,overcast clouds
132,San Patricio,US,28.017,-97.5169,53.83,44,16,8.41,few clouds
133,Inhambane,MZ,-23.865,35.3833,77.92,83,100,9.17,overcast clouds
134,Alyangula,AU,-13.8483,136.4192,84.22,76,100,11.39,overcast clouds
135,Lugovoy,KZ,42.9472,72.7644,31.1,99,100,2.8,light snow
136,Bereda,ES,43.2686,-7.5406,45.14,100,0,0.92,clear sky
137,Coquimbo,CL,-29.9533,-71.3436,65.93,82,0,2.3,clear sky
138,Tiksi,RU,71.6872,128.8694,-17.43,100,99,2.19,overcast clouds
139,Jamestown,US,42.097,-79.2353,20.55,91,100,16.11,overcast clouds
140,Zhangjiakou,CN,40.81,114.8794,26.65,93,100,1.1,snow
141,Leirvik,NO,59.7798,5.5005,39.63,71,91,20.67,overcast clouds
142,Puerto Carreno,CO,6.189,-67.4859,81.66,37,62,13.94,broken clouds
143,Saint George,US,37.1041,-113.5841,44.94,36,0,10.36,clear sky
144,Morgan City,US,29.6994,-91.2068,44.6,57,0,17.27,clear sky
145,Abu Dhabi,AE,24.4667,54.3667,71.94,73,0,8.05,clear sky
146,San Onofre,CO,9.7359,-75.5263,77.9,74,20,6.46,few clouds
147,Cabo San Lucas,MX,22.8909,-109.9124,66.51,57,40,11.5,scattered clouds
148,Kahului,US,20.8947,-156.47,73.85,92,75,6.91,light rain
149,Vezirkopru,TR,41.1436,35.4547,32.49,80,100,4.23,overcast clouds
150,Esperance,AU,-33.8667,121.9,75.16,51,0,5.44,clear sky
151,Lichinga,MZ,-13.3128,35.2406,66.29,94,75,16.11,broken clouds
152,Novokayakent,RU,42.3937,47.9861,34.72,56,71,3.71,broken clouds
153,Milton,US,34.1322,-84.3007,36.72,70,24,5.99,few clouds
154,Qovlar,AZ,40.948,45.735,29.46,56,33,4.92,scattered clouds
155,Tessalit,ML,20.1986,1.0114,63.43,17,3,12.44,clear sky
156,Gambela,ET,8.25,34.5833,78.33,36,9,2.42,clear sky
157,Kabinda,CD,-6.1333,24.4833,66.51,86,84,3.27,broken clouds
158,Victoria,HK,22.2855,114.1577,71.33,69,99,5.01,overcast clouds
159,Gravdal,NO,68.1214,13.5031,38.48,76,100,19.33,overcast clouds
160,Boshnyakovo,RU,49.6333,142.1667,17.6,82,95,2.64,overcast clouds
161,Kurilsk,RU,45.2333,147.8833,26.22,67,99,8.97,overcast clouds
162,Severo-Kurilsk,RU,50.6789,156.125,20.43,76,98,14.7,overcast clouds
163,Campo Verde,BR,-20.4167,-54.0667,67.42,90,81,4.5,light rain
164,Forio,IT,40.7342,13.8646,54.43,82,54,11.45,broken clouds
165,Sakaiminato,JP,35.55,133.2333,46.38,93,75,3.44,light intensity shower rain
166,Bay Roberts,CA,47.5999,-53.2648,33.66,91,100,5.01,snow
167,Bluff,NZ,-46.6,168.3333,64.53,67,100,6.82,overcast clouds
168,Richards Bay,ZA,-28.783,32.0377,71.64,93,100,5.93,light rain
169,Talnakh,RU,69.4865,88.3972,9.21,98,100,10.87,light snow
170,Nome,US,64.5011,-165.4064,5.68,90,100,9.33,overcast clouds
171,Dalvik,IS,65.9702,-18.5286,30.13,86,93,5.01,overcast clouds
172,Fairbanks,US,64.8378,-147.7164,14.81,80,100,3.44,light snow
173,Comodoro Rivadavia,AR,-45.8667,-67.5,55.26,54,0,13.8,clear sky
174,Honiara,SB,-9.4333,159.95,85.41,75,98,1.36,overcast clouds
175,Katsuura,JP,35.1333,140.3,53.55,60,0,5.01,clear sky
176,Kavieng,PG,-2.5744,150.7967,84.38,68,19,7.78,few clouds
177,Ridgecrest,US,35.6225,-117.6709,49.39,16,0,5.75,clear sky
178,Coffs Harbour,AU,-30.3,153.1333,87.13,61,0,17.27,clear sky
179,Rio Verde De Mato Grosso,BR,-18.9181,-54.8442,71.38,96,98,1.79,overcast clouds
180,Tura,IN,25.5198,90.2201,68.59,39,15,2.48,few clouds
181,Yuci,CN,37.6803,112.7319,33.55,86,100,2.24,mist
182,Opunake,NZ,-39.4556,173.8583,74.84,63,100,7.76,overcast clouds
183,Aksha,RU,50.2814,113.2867,6.71,70,92,6.64,overcast clouds
184,Fortuna,US,40.5982,-124.1573,52.14,75,0,11.5,clear sky
185,Khromtau,KZ,50.2503,58.4347,7.68,94,100,11.9,overcast clouds
186,Baglan,AF,36.1307,68.7083,48.02,91,100,2.01,overcast clouds
187,Kieta,PG,-6.2167,155.6333,87.19,65,100,2.53,light rain
188,Point Fortin,TT,10.1833,-61.6833,73.89,79,100,11.39,overcast clouds
189,Grand Gaube,MU,-20.0064,57.6608,73.38,77,98,3.0,overcast clouds
190,Beloha,MG,-25.1667,45.05,72.23,88,9,2.95,clear sky
191,Bairiki,KI,1.3292,172.9752,86.0,74,40,10.36,light rain
192,Port Blair,IN,11.6667,92.75,77.04,88,40,2.3,mist
193,Cermik,TR,38.1361,39.4493,24.19,82,38,3.53,scattered clouds
194,Victor Harbor,AU,-35.5667,138.6167,79.68,65,0,10.71,clear sky
195,Caravelas,BR,-17.7125,-39.2481,77.81,85,17,6.06,few clouds
196,Pontian Kecil,MY,1.4801,103.3899,86.32,84,97,7.7,overcast clouds
197,Butaritari,KI,3.0707,172.7902,80.82,76,13,5.46,light rain
198,Pangnirtung,CA,66.1451,-65.7125,-29.2,68,20,0.0,few clouds
199,Szamotuly,PL,52.612,16.5779,45.14,71,100,24.9,overcast clouds
200,Leningradskiy,RU,69.3833,178.4167,-34.64,97,26,2.39,scattered clouds
201,Sao Felix Do Xingu,BR,-6.6447,-51.995,71.64,99,96,1.68,overcast clouds
202,Luanda,AO,-8.8368,13.2343,78.8,89,20,4.61,few clouds
203,Hami,CN,42.8,93.45,29.39,26,0,7.11,clear sky
204,Weinan,CN,34.5036,109.5089,50.23,57,100,11.63,overcast clouds
205,Salaberry-De-Valleyfield,CA,45.2501,-74.1325,19.42,73,100,2.3,light snow
206,Sarandi,BR,-23.4436,-51.8739,67.55,94,0,5.75,clear sky
207,Half Moon Bay,US,37.4636,-122.4286,57.38,52,0,9.22,clear sky
208,Launceston,AU,-41.45,147.1667,77.61,46,40,10.36,scattered clouds
209,Niagara Falls,CA,43.1001,-79.0663,23.65,76,100,14.97,overcast clouds
210,Seddon,AU,-37.8068,144.8916,77.09,56,75,11.5,broken clouds
211,Klaksvik,FO,62.2266,-6.589,34.72,60,85,10.51,overcast clouds
212,Tasiilaq,GL,65.6145,-37.6368,14.16,70,100,9.42,overcast clouds
213,Verkhoyansk,RU,67.5447,133.385,-19.84,94,99,1.3,overcast clouds
214,Suicheng,CN,33.8963,117.9331,46.44,82,100,3.0,overcast clouds
215,Daru,PG,-9.0763,143.2092,85.6,69,76,7.09,moderate rain
216,Santa Cruz,BO,-17.8,-63.1667,69.26,94,75,5.75,broken clouds
217,Gat,IL,31.61,34.7642,54.39,68,0,5.12,clear sky
218,Sitrah,BH,26.1547,50.6206,60.94,57,0,26.46,clear sky
219,Storforshei,NO,66.4043,14.5233,29.98,92,100,1.14,light snow
220,Sibiti,CG,-3.6819,13.3499,70.86,92,100,0.98,overcast clouds
221,La Peca,PE,-5.6111,-78.435,69.22,91,81,3.53,light rain
222,Mayumba,GA,-3.432,10.6554,79.59,85,100,5.26,moderate rain
223,Kassala,SD,15.451,36.4,66.11,73,0,8.05,clear sky
224,Iroquois Falls,CA,48.7669,-80.6831,5.05,88,100,7.99,overcast clouds
225,Alizai,PK,33.5383,70.3462,55.74,38,100,1.95,overcast clouds
226,Saint-Francois,FR,46.4154,3.9054,49.68,100,100,3.44,mist
227,Phibun Mangsahan,TH,15.2447,105.2291,67.98,55,47,1.57,scattered clouds
228,Yellowknife,CA,62.456,-114.3525,-21.48,76,20,5.75,few clouds
229,Nizhnyaya Tavda,RU,57.6731,66.1725,4.51,95,100,6.76,overcast clouds
230,Surman,LY,32.7567,12.5716,53.62,71,6,2.59,clear sky
231,Lucapa,AO,-8.4192,20.7447,66.88,92,100,2.57,overcast clouds
232,Namatanai,PG,-3.6667,152.4333,85.96,66,62,6.71,broken clouds
233,Dikson,RU,73.5069,80.5464,22.03,95,100,18.28,light snow
234,Geraldton,AU,-28.7667,114.6,81.01,44,0,8.05,clear sky
235,Portland,US,45.5234,-122.6762,50.58,71,100,6.91,overcast clouds
236,Iquitos,PE,-3.7481,-73.2472,77.04,88,40,2.3,scattered clouds
237,Da Nang,VN,16.0678,108.2208,75.18,69,20,1.14,few clouds
238,Pestravka,RU,52.405,49.9583,13.06,96,100,5.53,light snow
239,Sinnamary,GF,5.3833,-52.95,75.02,88,28,8.46,scattered clouds
240,Gweru,ZW,-19.45,29.8167,63.9,96,100,0.43,overcast clouds
241,Sitka,US,57.0531,-135.33,37.29,87,100,6.91,moderate rain
242,Green River,US,41.5286,-109.4662,21.6,66,98,5.99,overcast clouds
243,Alenquer,BR,-1.9417,-54.7383,73.8,95,100,2.64,light rain
244,Korla,CN,41.7597,86.1469,32.04,39,100,13.82,overcast clouds
245,Chekhov,RU,55.1431,37.4711,12.15,96,82,7.2,broken clouds
246,Flin Flon,CA,54.7682,-101.865,-9.96,100,99,3.38,overcast clouds
247,Tuktoyaktuk,CA,69.4541,-133.0374,-32.8,68,0,2.3,clear sky
248,Cesme,TR,38.3228,26.3064,56.14,69,95,11.43,overcast clouds
249,Halifax,CA,44.6453,-63.5724,33.8,94,100,14.97,light snow
250,Chokurdakh,RU,70.6333,147.9167,-43.87,100,71,0.92,broken clouds
251,Christchurch,NZ,-43.5333,172.6333,73.42,59,100,14.97,overcast clouds
252,Cavalcante,BR,-13.7975,-47.4583,68.34,89,100,2.46,overcast clouds
253,San Cristobal,VE,7.7669,-72.225,68.18,94,80,2.08,broken clouds
254,Malartic,CA,48.1335,-78.1328,-12.33,100,88,3.4,overcast clouds
255,Khovu-Aksy,RU,51.1333,93.6,-2.31,85,10,4.56,clear sky
256,Laibin,CN,23.7,109.2667,64.62,79,100,1.99,overcast clouds
257,San Juan,AR,-31.5375,-68.5364,55.87,19,1,7.7,clear sky
258,Lakes Entrance,AU,-37.8811,147.981,79.16,60,35,12.57,scattered clouds
259,Bandiagara,ML,14.3501,-3.6104,69.53,14,0,11.59,clear sky
260,Zhaotong,CN,27.3167,103.7167,42.71,73,42,7.05,scattered clouds
261,Rocha,UY,-34.4833,-54.3333,52.72,86,97,17.67,overcast clouds
262,Hamilton,US,39.1834,-84.5333,30.83,67,100,10.36,overcast clouds
263,Saint-Pierre,RE,-21.3393,55.4781,76.68,73,0,5.75,clear sky
264,Chuy,UY,-33.6971,-53.4616,54.09,73,49,14.72,scattered clouds
265,Matagami,CA,49.7502,-77.6328,-9.29,84,0,4.61,clear sky
266,Varkaus,FI,62.3153,27.873,26.31,93,100,12.62,light snow
267,Rock Springs,US,41.5875,-109.2029,20.64,68,0,5.75,clear sky
268,Severnyy,RU,50.677,36.5532,14.04,92,75,11.01,broken clouds
269,Tsaratanana,MG,-16.7833,47.65,73.22,93,100,1.16,light rain
270,Santa Fe,AR,-31.6333,-60.7,58.01,61,2,8.01,clear sky
271,Copiapo,CL,-27.3667,-70.3333,64.09,68,0,3.0,clear sky
272,Huilong,CN,31.8111,121.655,49.93,76,37,3.11,scattered clouds
273,Santa Rita,BR,-7.1139,-34.9781,81.27,78,20,4.61,few clouds
274,Matara,LK,5.9485,80.5353,75.2,85,21,3.2,few clouds
275,Sao Joao Da Barra,BR,-21.6403,-41.0511,77.05,90,100,19.37,overcast clouds
276,Alofi,NU,-19.0595,-169.9187,81.75,75,37,8.01,scattered clouds
277,Port Lincoln,AU,-34.7333,135.8667,71.37,52,0,10.76,clear sky
278,Ancud,CL,-41.8697,-73.8203,51.39,63,2,4.07,clear sky
279,Norman Wells,CA,65.282,-126.8329,-18.76,98,58,3.15,broken clouds
280,Cidreira,BR,-30.1811,-50.2056,66.09,42,3,13.91,clear sky
281,Mandalgovi,MN,45.7625,106.2708,9.81,48,1,17.29,clear sky
282,Quzhou,CN,28.9594,118.8686,60.42,65,63,0.36,broken clouds
283,Banda Aceh,ID,5.5577,95.3222,80.29,77,51,8.34,broken clouds
284,Griffith,US,41.5284,-87.4237,23.31,77,0,11.5,clear sky
285,Mildura,AU,-34.2,142.15,82.08,31,1,17.6,clear sky
286,Tay Ninh,VN,11.3,106.1,82.63,54,77,4.29,broken clouds
287,Isangel,VU,-19.55,169.2667,79.86,72,71,15.03,broken clouds
288,Les Escoumins,CA,48.1111,-69.0236,0.01,85,27,8.05,scattered clouds
289,Asau,RO,46.4333,26.4,45.52,88,100,14.25,overcast clouds
290,Churapcha,RU,62.0025,132.4325,-11.94,95,98,3.78,overcast clouds
291,Kutum,SD,14.2,24.6667,51.57,26,0,9.73,clear sky
292,Rogovatoye,RU,51.23,38.3818,-1.73,100,98,4.61,overcast clouds
293,Kidal,ML,18.4411,1.4078,63.34,18,77,10.63,broken clouds
294,Moses Lake,US,47.1301,-119.2781,44.96,57,40,0.0,scattered clouds
295,Souillac,MU,-20.5167,57.5167,75.51,81,86,5.93,overcast clouds
296,Libenge,CD,3.65,18.6333,70.83,35,100,4.32,overcast clouds
297,Sucua,EC,-2.4667,-78.1667,68.92,98,64,2.75,light rain
298,Touros,BR,-5.1989,-35.4608,79.88,74,100,11.52,overcast clouds
299,Waddan,LY,29.1614,16.139,48.09,69,0,6.29,clear sky
300,Mwene-Ditu,CD,-7.0,23.45,65.73,95,100,3.4,overcast clouds
301,Udachnyy,RU,66.4167,112.4,-8.14,97,100,6.58,overcast clouds
302,Isla Mujeres,MX,21.2311,-86.731,77.16,81,0,10.71,clear sky
303,Saint-Paul,RE,-21.0096,55.2707,77.11,79,37,3.0,scattered clouds
304,Bambous Virieux,MU,-20.3428,57.7575,73.22,88,20,3.44,few clouds
305,Dingle,PH,10.9995,122.6711,76.24,90,100,13.09,moderate rain
306,Shebunino,RU,46.4339,141.8603,32.18,71,93,10.98,overcast clouds
307,Baracoa,CU,20.3467,-74.4958,75.24,77,41,10.67,scattered clouds
308,Wattegama,LK,6.7989,81.4808,75.7,80,88,4.72,overcast clouds
309,Chipinge,ZW,-20.1883,32.6236,66.07,98,100,7.54,moderate rain
310,Suoyarvi,RU,62.0833,32.35,20.41,93,100,9.71,overcast clouds
311,Huarmey,PE,-10.0681,-78.1522,76.37,74,95,4.25,overcast clouds
312,Manadhoo,MV,5.7667,73.3833,79.09,69,60,11.41,broken clouds
313,Bajil,YE,15.0584,43.2851,73.9,83,5,3.0,clear sky
314,Cravo Norte,CO,6.3017,-70.2041,80.67,37,12,6.31,few clouds
315,Lincoln,US,40.8,-96.667,34.29,69,5,3.0,clear sky
316,Dongsheng,CN,39.8161,109.9776,20.73,71,5,29.24,clear sky
317,Ahuimanu,US,21.4447,-157.8378,71.31,94,75,3.44,light rain
318,Jinji,CN,23.2281,110.8261,70.2,62,31,2.86,scattered clouds
319,Ixtapa,MX,20.7,-105.2,72.63,78,0,6.91,clear sky
320,Eirunepe,BR,-6.6603,-69.8736,73.06,98,100,2.89,overcast clouds
321,Ushtobe,KZ,45.2514,77.9838,29.39,98,100,8.68,snow
322,Cayenne,GF,4.9333,-52.3333,75.24,94,40,2.3,scattered clouds
323,Hokitika,NZ,-42.7167,170.9667,69.15,66,97,9.37,overcast clouds
324,Salalah,OM,17.0151,54.0924,71.24,41,0,2.01,clear sky
325,La Rioja,ES,42.25,-2.5,22.78,45,1,5.99,clear sky
326,Heihe,CN,50.2441,127.4902,9.18,79,88,7.4,overcast clouds
327,Umm Lajj,SA,25.0213,37.2685,69.64,33,56,12.33,broken clouds
328,Los Llanos De Aridane,ES,28.6585,-17.9182,58.75,85,0,5.01,clear sky
329,Midland,US,31.9974,-102.0779,43.47,27,0,6.91,clear sky
330,Caxito,AO,-8.5785,13.6643,74.66,94,100,2.75,overcast clouds
331,Deputatskiy,RU,69.3,139.9,-25.67,87,100,2.62,overcast clouds
332,Paamiut,GL,61.994,-49.6678,35.46,52,100,29.62,overcast clouds
333,Ust-Nera,RU,64.5667,143.2,-30.91,96,70,3.53,broken clouds
334,Ellisras,ZA,-23.6649,27.7443,69.78,81,100,8.79,overcast clouds
335,Karratha,AU,-20.7377,116.8463,90.75,51,0,9.82,clear sky
336,Cairns,AU,-16.9167,145.7667,84.15,79,40,5.75,scattered clouds
337,Tautira,PF,-17.7333,-149.15,79.81,75,100,5.84,light rain
338,Glendive,US,47.1053,-104.7125,35.22,64,0,11.5,clear sky
339,Sala,MA,34.0389,-6.8166,56.64,93,75,3.44,broken clouds
340,Houma,US,29.5958,-90.7195,48.2,65,67,5.99,broken clouds
341,Broome,US,42.2506,-75.833,25.86,84,100,17.27,overcast clouds
342,Pemangkat,ID,1.1667,108.9667,80.69,81,99,5.73,overcast clouds
343,Akyab,MM,20.15,92.9,68.31,53,0,5.86,clear sky
344,Berezovyy,RU,51.6667,135.7,9.12,86,100,1.48,overcast clouds
345,Raga,SS,8.4596,25.678,67.12,20,6,7.09,clear sky
346,Alta Floresta,BR,-9.8756,-56.0861,71.17,99,98,4.36,overcast clouds
347,Vostok,RU,46.4856,135.8833,15.76,75,89,6.17,overcast clouds
348,Kemijarvi,FI,66.7131,27.4306,29.44,94,100,7.61,overcast clouds
349,Mao,ES,39.8885,4.2658,45.16,100,0,3.44,clear sky
350,Candido Mendes,BR,-1.4467,-45.7167,74.14,96,100,2.93,overcast clouds
351,Coronado,US,32.6859,-117.1831,60.31,51,40,5.75,scattered clouds
352,Bubaque,GW,11.2833,-15.8333,73.8,73,97,11.59,overcast clouds
353,Hualmay,PE,-11.0964,-77.6139,74.53,79,88,3.22,overcast clouds
354,Linxia,CN,35.6003,103.2064,28.15,79,100,7.25,light snow
355,Rawson,AR,-43.3002,-65.1023,54.34,54,90,6.31,overcast clouds
356,Mpika,ZM,-11.8343,31.4529,61.56,96,98,5.48,light rain
357,Ende,ID,-8.8432,121.6623,79.09,88,95,1.34,overcast clouds
358,Umred,IN,20.85,79.3333,68.29,44,1,5.77,clear sky
359,Samarai,PG,-10.6167,150.6667,83.41,74,100,6.49,overcast clouds
360,Emerald,AU,-23.5333,148.1667,85.33,49,100,8.75,overcast clouds
361,Yining,CN,29.0361,114.5636,60.42,68,89,1.34,overcast clouds
362,Whitehorse,CA,60.7161,-135.0538,23.09,79,100,4.61,overcast clouds
363,Hays,US,30.0502,-98.0336,46.02,48,40,1.99,scattered clouds
364,Villazon,BO,-22.0866,-65.5942,45.75,75,42,12.75,scattered clouds
365,Yuanping,CN,38.7153,112.7575,35.73,78,100,1.95,overcast clouds
366,Bandarbeyla,SO,9.4942,50.8122,73.44,76,0,15.55,clear sky
367,Ploemeur,FR,47.7333,-3.4333,49.82,97,100,5.75,mist
368,Vao,NC,-22.6667,167.4833,75.4,61,35,14.25,scattered clouds
369,Longyearbyen,SJ,78.2186,15.6401,19.24,68,75,16.11,broken clouds
370,Neuquen,AR,-38.9516,-68.0591,51.69,43,0,4.61,clear sky
371,Logan,US,41.7355,-111.8344,15.13,75,0,1.99,clear sky
372,Pahalgam,IN,34.0333,75.3333,36.23,53,88,8.93,overcast clouds
373,Luderitz,NA,-26.6481,15.1594,61.92,92,0,12.91,clear sky
374,Calabozo,VE,8.9242,-67.4293,79.7,46,5,9.89,clear sky
375,Ullapool,GB,57.8987,-5.1604,40.35,96,100,2.93,moderate rain
376,Kamaishi,JP,39.2667,141.8833,44.35,65,49,5.06,scattered clouds
377,Yulara,AU,-25.2406,130.9889,96.26,21,0,23.58,clear sky
378,Elat,IL,29.5581,34.9482,51.64,71,0,9.22,haze
379,Bahadurganj,IN,26.2667,87.8167,68.67,43,0,3.51,clear sky
380,Pinotepa De Don Luis,MX,16.4167,-97.9167,69.53,83,9,1.88,clear sky
381,Sao Filipe,CV,14.8961,-24.4956,70.14,75,24,9.71,few clouds
382,Erzin,TR,36.9559,36.2,41.05,51,12,2.77,few clouds
383,Kerema,PG,-7.9631,145.7785,84.7,69,100,6.71,overcast clouds
384,Prince Albert,CA,53.2001,-105.7677,12.36,97,98,0.89,overcast clouds
385,Bogandinskiy,RU,56.8937,65.8938,3.52,95,100,6.49,overcast clouds
386,Predivinsk,RU,57.0669,93.4378,18.09,95,100,7.49,light snow
387,Yenagoa,NG,4.9247,6.2642,75.25,72,8,3.6,clear sky
388,Te Anau,NZ,-45.4167,167.7167,75.51,40,65,4.63,broken clouds
389,Kismayo,SO,-0.3582,42.5454,77.16,89,49,14.74,scattered clouds
390,Atambua,ID,-9.1061,124.8925,81.37,70,83,3.31,broken clouds
391,Lata,PT,40.1629,-8.3327,47.91,61,7,6.04,clear sky
392,Gharo,PK,24.7424,67.5856,55.62,27,0,6.08,clear sky
393,Cap Malheureux,MU,-19.9842,57.6142,73.47,77,98,3.0,overcast clouds
394,Amot,NO,59.5714,7.9877,29.77,81,4,10.94,clear sky
395,Constitucion,CL,-35.3333,-72.4167,60.46,53,0,5.75,clear sky
396,Bosaso,SO,11.2842,49.1816,72.01,80,1,0.92,clear sky
397,Alamosa,US,37.4695,-105.87,12.18,62,0,0.0,clear sky
398,Alugan,PH,12.2188,125.4808,76.08,97,100,9.35,light rain
399,Lorengau,PG,-2.0226,147.2712,84.6,68,73,6.71,broken clouds
400,Segamat,MY,2.5148,102.8158,78.67,79,100,6.67,overcast clouds
401,Boli,CN,45.7667,130.5167,22.98,64,46,11.7,scattered clouds
402,Dawlatabad,AF,36.4141,64.9053,41.52,85,100,6.4,overcast clouds
403,Ledyard,US,41.4398,-72.0142,36.52,77,75,16.11,broken clouds
404,Ciamis,ID,-7.3257,108.3534,77.95,85,98,0.07,overcast clouds
405,Kaka,TM,37.3482,59.6143,37.02,86,31,2.66,scattered clouds
406,Puri,IN,19.8,85.85,75.72,69,3,6.38,clear sky
407,Mwinilunga,ZM,-11.7358,24.4293,63.32,96,100,4.32,overcast clouds
408,Kloulklubed,PW,7.0419,134.2556,77.5,78,96,18.19,moderate rain
409,Brae,GB,60.3964,-1.353,39.54,62,100,9.8,overcast clouds
410,Monopoli,IT,40.9559,17.2896,49.42,81,0,7.67,clear sky
411,Harper,LR,4.375,-7.7169,79.07,89,10,4.97,clear sky
412,Nova Odesa,UA,47.3078,31.7851,35.47,87,100,8.21,overcast clouds
413,Okhotsk,RU,59.3833,143.3,-6.29,75,2,14.2,clear sky
414,Progreso,MX,21.2833,-89.6667,78.12,87,0,10.67,clear sky
415,Luganville,VU,-15.5333,167.1667,82.87,72,25,9.57,scattered clouds
416,Puerto Colombia,CO,10.9878,-74.9547,78.89,77,5,29.35,clear sky
417,Hervey Bay,AU,-25.2986,152.8535,79.18,62,55,7.83,broken clouds
418,Devonport,AU,-41.1667,146.35,74.08,48,13,14.27,few clouds
419,Xinmin,CN,41.9908,122.8253,29.95,37,98,12.73,overcast clouds
420,Nova Venecia,BR,-18.7106,-40.4006,73.58,93,99,1.77,overcast clouds
421,Sarangani,PH,5.4033,125.4636,81.61,75,99,8.95,overcast clouds
422,Alice Springs,AU,-23.7,133.8833,88.21,40,75,13.8,broken clouds
423,Pimentel,PE,-6.8367,-79.9342,79.09,73,75,13.8,broken clouds
424,Bambanglipuro,ID,-7.95,110.2833,81.86,75,98,7.78,overcast clouds
425,Srednekolymsk,RU,67.45,153.6833,-34.67,97,96,2.98,overcast clouds
426,Izhma,RU,65.0083,53.9113,1.13,97,65,6.67,broken clouds
427,Lohardaga,IN,23.4333,84.6833,62.74,50,0,2.84,clear sky
428,Ta Khmau,KH,11.4833,104.95,80.65,65,40,9.22,scattered clouds
429,Dutlwe,BW,-23.9833,23.9,66.36,86,100,8.25,overcast clouds
430,Conthey,CH,46.2253,7.3037,52.23,75,0,1.14,clear sky
431,Eyl,SO,7.9803,49.8164,70.7,83,6,13.02,clear sky
432,Araouane,ML,18.9048,-3.5265,68.7,16,0,10.45,clear sky
433,Nampa,US,43.5407,-116.5635,38.59,50,0,3.44,clear sky
434,Sola,VU,-13.8833,167.55,81.45,73,30,11.05,scattered clouds
435,Ostrovnoy,RU,68.0531,39.5131,22.87,87,100,25.75,overcast clouds
436,Meulaboh,ID,4.1363,96.1285,78.58,81,34,1.9,scattered clouds
437,Locri,IT,38.2414,16.2623,47.32,83,0,10.4,clear sky
438,Humberto De Campos,BR,-2.5983,-43.4611,74.61,95,100,2.89,overcast clouds
439,Bac Lieu,VN,9.285,105.7244,83.23,63,95,12.3,overcast clouds
440,Vestmanna,FO,62.1564,-7.1664,32.92,69,20,0.0,few clouds
441,Asyut,EG,27.181,31.1837,48.38,66,5,8.81,clear sky
442,Kayes,ML,14.0,-11.0,85.17,13,99,8.28,overcast clouds
443,Taitung,TW,22.7583,121.1444,71.87,78,75,3.44,broken clouds
444,Tagusao,PH,9.1924,117.8141,80.96,70,66,11.65,broken clouds
445,Turayf,SA,31.6725,38.6637,35.85,75,0,8.05,clear sky
446,Junction City,US,39.0286,-96.8314,37.69,52,0,8.05,clear sky
447,Batticaloa,LK,7.7102,81.6924,77.07,84,98,6.04,overcast clouds
448,Along,IN,28.1667,94.7667,64.8,58,100,0.72,overcast clouds
449,Tomatlan,MX,19.9333,-105.25,65.05,86,0,2.04,clear sky
450,San Policarpo,PH,12.1791,125.5072,76.46,96,100,9.28,overcast clouds
451,Kuusamo,FI,65.9667,29.1833,24.84,100,100,10.36,overcast clouds
452,Altoona,US,40.5187,-78.3947,28.65,70,68,11.01,broken clouds
453,Vila Franca Do Campo,PT,37.7167,-25.4333,55.81,86,75,5.99,broken clouds
454,Kavaratti,IN,10.5669,72.642,78.94,73,100,1.92,overcast clouds
455,Naze,JP,28.3667,129.4833,63.36,64,18,11.9,few clouds
456,Moba,CN,33.2288,105.0179,37.49,48,26,8.7,scattered clouds
457,Siocon,PH,7.7061,122.1353,82.35,77,98,9.13,overcast clouds
458,Faya,SA,18.3851,42.4509,48.72,86,26,3.6,scattered clouds
459,Manaure,CO,11.7751,-72.4445,76.44,76,0,19.1,clear sky
460,Raymond,US,43.9015,-70.4703,27.23,76,93,10.67,overcast clouds
461,Ulaanbaatar,MN,47.9077,106.8832,-9.27,77,55,2.24,broken clouds
462,Denizli,TR,37.8402,29.0698,39.07,74,51,1.74,broken clouds
463,Cozumel,MX,20.5083,-86.9458,80.08,81,40,7.0,scattered clouds
464,Dakar,SN,14.6937,-17.4441,65.28,77,100,17.98,overcast clouds
465,Troitskoye,RU,52.9821,84.6757,6.64,90,12,6.55,few clouds
466,Mikuni,JP,36.2171,136.1519,48.63,72,97,6.64,light rain
467,Doka,SD,13.5167,35.7667,70.12,47,0,9.98,clear sky
468,Jizan,SA,17.3333,42.6667,75.78,73,0,3.27,clear sky
469,Lingao,CN,19.9103,109.6859,71.44,71,10,10.29,clear sky
470,Severobaykalsk,RU,55.65,109.3167,6.85,85,100,1.61,overcast clouds
471,Sakakah,SA,29.9697,40.2064,42.04,43,0,5.44,clear sky
472,Fomboni,KM,-12.28,43.7425,82.26,76,40,10.76,scattered clouds
473,Margate,GB,51.3813,1.3862,52.88,88,100,4.0,overcast clouds
474,Taupo,NZ,-38.6833,176.0833,68.56,40,14,2.33,few clouds
475,San Juan Del Sur,NI,11.2529,-85.8705,79.52,67,20,25.52,few clouds
476,Satipo,PE,-11.2522,-74.6386,70.18,93,100,1.99,overcast clouds
477,Kerchevskiy,RU,59.946,56.2884,-4.05,100,97,1.19,overcast clouds
478,Valdivia,CL,-39.8142,-73.2459,60.89,30,0,3.65,clear sky
479,Kulhudhuffushi,MV,6.6221,73.07,78.58,70,65,6.96,broken clouds
480,Pisco,PE,-13.7,-76.2167,77.05,78,0,9.22,clear sky
481,Baykit,RU,61.67,96.37,-10.03,99,46,4.05,scattered clouds
482,Roebourne,AU,-20.7833,117.1333,92.14,47,2,8.23,light rain
483,Ondangwa,NA,-17.9167,15.95,65.71,34,39,8.3,scattered clouds
484,Kangaatsiaq,GL,68.3065,-53.4641,1.29,82,100,10.2,overcast clouds
485,Salinopolis,BR,-0.6136,-47.3561,77.23,87,99,7.07,overcast clouds
486,Cabedelo,BR,-6.9811,-34.8339,81.27,76,85,12.41,overcast clouds
487,Salisbury,GB,51.0693,-1.7957,52.65,79,100,19.57,overcast clouds
488,Starominskaya,RU,46.53,39.0497,31.42,99,95,1.97,overcast clouds
489,Marystown,CA,47.1666,-55.1483,33.03,98,100,11.88,snow
490,Iqaluit,CA,63.7506,-68.5145,-29.47,68,20,16.11,few clouds
491,Berlevag,NO,70.8578,29.0864,28.35,74,71,17.27,broken clouds
492,Kununurra,AU,-15.7667,128.7333,91.38,66,30,5.75,scattered clouds
493,Waipawa,NZ,-41.4122,175.5153,64.85,58,100,5.97,overcast clouds
494,Laguna,US,38.421,-121.4238,57.33,34,0,0.0,clear sky
495,Bollnas,SE,61.3482,16.3946,32.81,96,100,10.07,light snow
496,Imeni Poliny Osipenko,RU,52.4201,136.4853,1.08,91,100,2.48,overcast clouds
497,Sarakhs,IR,36.5449,61.1577,43.54,70,100,3.74,overcast clouds
498,Buraydah,SA,26.326,43.975,46.85,30,100,9.37,overcast clouds
499,Tigil,RU,57.8,158.6667,-0.15,81,100,12.35,overcast clouds
500,Auki,SB,-8.7676,160.7034,84.04,76,97,6.26,moderate rain
501,Avanigadda,IN,16.0215,80.9181,73.13,72,0,0.76,clear sky
502,Belaya Gora,RU,68.5333,146.4167,-35.16,96,64,0.54,broken clouds
503,Inuvik,CA,68.3499,-133.7218,-27.33,98,6,4.16,clear sky
504,Gornopravdinsk,RU,60.05,69.9,-8.14,100,78,4.27,broken clouds
505,Sept-Iles,CA,50.2001,-66.3821,-6.29,90,10,7.45,clear sky
506,Jinchang,CN,38.4953,102.1739,23.81,60,53,6.87,broken clouds
507,Altay,CN,47.8667,88.1167,9.48,51,0,7.87,clear sky
508,Vung Tau,VN,10.346,107.0843,79.34,73,98,5.75,overcast clouds
509,Oyama,JP,36.3,139.8,50.59,32,1,0.81,clear sky
510,Brenham,US,30.1669,-96.3977,45.03,52,0,3.44,clear sky
511,Langres,FR,47.8333,5.3333,49.19,96,100,8.28,overcast clouds
512,Singapore,SG,1.2897,103.8501,84.25,77,75,10.36,broken clouds
513,Kushiro,JP,42.975,144.3747,31.78,83,29,7.85,scattered clouds
514,Mungwi,ZM,-10.1732,31.3694,61.05,95,100,4.09,overcast clouds
515,Tukrah,LY,32.5341,20.5791,52.12,69,72,2.21,broken clouds
516,Buckeye,US,33.3703,-112.5838,63.19,21,0,9.22,clear sky
517,Ailigandi,PA,9.2333,-78.0167,78.13,81,66,13.06,broken clouds
518,Verin,ES,41.9415,-7.4381,51.57,76,0,1.23,clear sky
519,Torbay,CA,47.6666,-52.7314,32.88,93,100,6.91,snow
520,Great Falls,US,47.5002,-111.3008,38.59,41,100,20.71,overcast clouds
521,Onda,ES,39.9667,-0.25,44.91,68,0,5.35,clear sky
522,Japura,ID,-0.3167,102.35,80.24,78,95,4.18,overcast clouds
523,Cristobal Obregon,MX,16.35,-93.5333,64.02,89,98,13.2,light rain
524,Zhangzhou,CN,24.5133,117.6556,67.03,56,79,2.51,broken clouds
525,Vestmannaeyjar,IS,63.4427,-20.2734,35.24,70,38,4.36,scattered clouds
526,Aitape,PG,-3.1374,142.3475,84.16,71,98,4.68,overcast clouds
527,Broken Hill,AU,-31.95,141.4333,87.6,17,0,15.61,clear sky
528,Union,US,40.6334,-74.2663,36.27,64,0,23.02,clear sky
529,Hun,LY,29.1268,15.9477,47.88,66,0,5.19,clear sky
530,Oistins,BB,13.0667,-59.5333,77.09,69,20,17.27,few clouds
531,Morondava,MG,-20.2833,44.2833,77.38,84,5,5.68,clear sky
532,Kavalerovo,RU,44.2661,135.0572,29.44,61,34,9.22,scattered clouds
533,Adrar,MR,20.5022,-10.0711,71.8,18,0,7.14,clear sky
534,Peace River,CA,56.2501,-117.286,10.87,95,100,6.24,overcast clouds
535,Movila Banului,RO,44.9833,26.6833,38.34,81,70,6.64,broken clouds
536,Raha,IN,26.2333,92.5167,69.46,52,28,3.31,scattered clouds
537,Palu,ID,-0.8917,119.8707,86.9,63,90,2.51,overcast clouds
538,Gornyy,RU,55.1153,83.9059,-7.85,98,53,4.03,broken clouds
539,Polyarnyy,RU,69.1989,33.4478,25.34,90,100,13.73,overcast clouds
540,Kikwit,CD,-5.041,18.8162,71.58,95,100,2.08,overcast clouds
541,Manta,EC,-0.95,-80.7333,80.38,78,0,3.44,clear sky
542,Riwaka,NZ,-41.0833,173.0,68.63,67,100,7.83,overcast clouds
543,Huron,US,41.1501,-82.5499,23.02,82,36,7.31,scattered clouds
544,Brigantine,US,39.4101,-74.3646,42.03,72,100,19.57,overcast clouds
545,Chegdomyn,RU,51.1167,133.0167,7.75,87,100,4.72,overcast clouds
546,Maracaju,BR,-21.6144,-55.1683,67.35,95,100,9.84,overcast clouds
547,Valparaiso,CL,-33.0393,-71.6273,58.64,94,0,2.3,clear sky
548,Qaqortoq,GL,60.7167,-46.0333,28.29,66,100,13.71,overcast clouds
549,Palauig,PH,15.435,119.9045,83.03,53,20,4.03,few clouds
550,Glendora,US,34.1361,-117.8653,62.22,23,0,4.61,clear sky
551,Ternate,ID,0.8,127.4,83.25,72,34,3.58,scattered clouds
552,Ilulissat,GL,69.2167,-51.1,3.22,60,75,2.3,broken clouds
553,La Ronge,CA,55.1001,-105.2842,5.22,78,100,2.3,light snow
554,Cuamba,MZ,-14.8031,36.5372,67.62,98,98,4.12,overcast clouds
555,Hambantota,LK,6.1241,81.1185,71.94,100,20,3.44,few clouds
556,Santarem,BR,-2.4431,-54.7083,78.93,89,75,5.75,broken clouds
557,Aljezur,PT,37.3191,-8.8033,57.13,78,100,10.51,overcast clouds
558,Hohhot,CN,40.8106,111.6522,23.72,61,98,14.54,overcast clouds
559,Vardo,NO,70.3705,31.1107,28.38,93,100,16.11,overcast clouds
560,Mutoko,ZW,-17.397,32.2268,63.1,96,100,0.96,moderate rain
561,Khandyga,RU,62.6667,135.6,-17.59,95,99,2.06,overcast clouds
562,Znamenskoye,RU,57.1281,73.8282,-5.19,96,100,5.06,overcast clouds
563,Kadhan,PK,24.481,68.9859,71.2,31,0,5.64,clear sky
564,Ulaangom,MN,49.9811,92.0667,-17.0,93,94,2.01,overcast clouds
565,Laguna De Perlas,NI,12.3429,-83.6712,76.75,77,7,11.9,clear sky
566,Waingapu,ID,-9.6567,120.2641,84.27,72,19,5.48,few clouds
567,Bayburt,TR,40.2589,40.2278,0.99,85,100,2.84,overcast clouds
568,Manggar,ID,-2.8833,108.2667,83.75,69,71,10.02,broken clouds
569,Komsomolskiy,UZ,40.4272,71.7189,41.72,93,100,2.3,fog
570,Sampit,ID,-2.5333,112.95,85.15,66,17,4.32,few clouds
571,Fort Saint James,CA,54.4333,-124.25,28.9,96,100,5.17,light snow
572,Ust-Tsilma,RU,65.441,52.1498,7.68,95,8,6.49,clear sky
573,Uchkent,RU,43.1143,47.0826,33.69,58,92,2.77,overcast clouds
574,Bafang,CM,5.1563,10.1788,63.9,36,12,3.4,few clouds
575,Colonial Park,US,40.3006,-76.8097,35.26,60,100,21.0,overcast clouds
576,Hobyo,SO,5.3505,48.5268,76.71,71,79,18.72,broken clouds
577,San Quintin,MX,30.4833,-115.95,56.03,46,100,4.61,overcast clouds
578,Batagay,RU,67.6333,134.6333,-18.49,95,100,0.89,overcast clouds
579,Teya,RU,60.3778,92.6267,9.39,99,100,2.84,overcast clouds
580,Sao Joao Nepomuceno,BR,-21.54,-43.0106,72.03,93,100,1.59,light rain
581,Nicoya,CR,10.1483,-85.452,76.84,70,84,15.88,broken clouds
582,Yei,SS,4.095,30.6779,67.21,37,9,1.86,clear sky
583,Loutra,GR,39.0569,26.545,49.28,75,45,10.07,scattered clouds
584,Pitimbu,BR,-7.4706,-34.8086,81.19,75,66,10.94,broken clouds
585,Dalnerechensk,RU,45.9339,133.7225,16.47,86,85,8.37,overcast clouds
586,Chingirlau,KZ,51.095,54.0814,10.78,96,100,3.67,light snow
587,Vila Velha,BR,-20.3297,-40.2925,78.75,90,75,6.91,broken clouds
588,Anadyr,RU,64.75,177.4833,-5.3,69,0,4.47,clear sky
589,Nantucket,US,41.2835,-70.0995,39.31,94,100,24.16,overcast clouds
590,Mikkeli,FI,61.6886,27.2723,26.71,93,100,14.97,overcast clouds
591,Maniitsoq,GL,65.4167,-52.9,27.05,83,100,10.51,overcast clouds
592,Puerto Leguizamo,CO,-0.1934,-74.7819,77.58,73,94,1.52,overcast clouds
593,Dejen,ET,10.1667,38.1333,52.3,53,2,4.68,clear sky
594,Carballo,ES,43.213,-8.691,54.82,84,0,3.24,clear sky
595,Amga,RU,60.8953,131.9608,-2.29,96,100,1.36,overcast clouds
596,Sorland,NO,67.667,12.6934,35.46,66,100,19.04,overcast clouds
597,Saint-Augustin,CA,51.226,-58.6502,2.43,77,100,14.16,overcast clouds
598,Radford,US,37.1318,-80.5764,31.66,76,100,19.57,overcast clouds
599,Barra Patuca,HN,15.8,-84.2833,75.24,86,29,10.45,light rain
600,Praia,CV,14.9215,-23.5087,68.54,77,20,19.57,few clouds
601,Gandajika,CD,-6.75,23.95,66.67,95,98,2.93,overcast clouds
602,Aswan,EG,24.0934,32.907,54.16,39,20,9.69,few clouds
603,Chany,RU,55.3121,76.7647,1.65,92,100,9.91,overcast clouds
604,Henties Bay,NA,-22.116,14.2845,63.41,90,0,5.3,clear sky
605,Sur,OM,22.5667,59.5289,71.76,57,18,2.84,few clouds
606,Rio Gallegos,AR,-51.6226,-69.2181,53.65,71,100,5.75,overcast clouds
607,Zhezkazgan,KZ,47.8043,67.7144,6.78,85,40,6.71,scattered clouds
608,Omsukchan,RU,62.5333,155.8,-20.31,94,100,6.11,overcast clouds
609,Maldonado,UY,-34.6667,-54.9167,62.13,78,89,17.94,moderate rain
610,Andilamena,MG,-17.0167,48.5833,66.15,96,92,2.06,overcast clouds
611,Yerbogachen,RU,61.2767,108.0108,1.94,96,100,4.85,overcast clouds
612,Farafangana,MG,-22.8167,47.8333,75.69,89,74,7.56,light rain
613,Radviliskis,LT,55.8167,23.5333,37.45,93,100,17.27,overcast clouds
614,Corrente,BR,-3.7367,-43.3394,71.82,98,99,2.15,overcast clouds
615,Floresta,BR,-8.6011,-38.5686,79.21,54,87,15.23,overcast clouds
616,Ulladulla,AU,-35.35,150.4667,92.95,37,80,7.05,broken clouds
617,Veraval,IN,20.9,70.3667,74.5,33,1,9.95,clear sky
618,Contai,IN,21.7786,87.7536,71.92,80,0,3.42,clear sky
619,Jiazi,CN,22.8779,116.067,66.18,68,100,10.45,overcast clouds
620,Ladario,BR,-19.0047,-57.6017,67.64,95,100,2.06,overcast clouds
621,Chincha Alta,PE,-13.4099,-76.1323,75.79,83,90,2.04,overcast clouds
622,Hailar,CN,49.2,119.7,-0.96,91,16,9.91,few clouds
623,Diffa,NE,13.3154,12.6113,63.41,34,39,13.49,scattered clouds
624,Humaita,BR,-7.5061,-63.0208,73.78,96,93,2.48,overcast clouds
625,Weyburn,CA,49.6668,-103.8511,26.82,80,57,8.05,broken clouds
626,Mayo,US,38.8876,-76.5119,39.15,59,0,20.71,clear sky
627,Reinosa,ES,42.9996,-4.138,42.37,77,0,5.55,clear sky
628,Klyuchi,RU,52.2667,79.1667,7.11,88,100,11.7,overcast clouds
629,Thaton,MM,16.9206,97.3714,73.62,73,11,5.77,few clouds
630,Zhigansk,RU,66.7697,123.3711,-11.02,96,100,7.67,overcast clouds
631,Ust-Omchug,RU,61.15,149.6333,-18.4,95,58,4.38,broken clouds
632,West Wendover,US,40.7391,-114.0733,27.61,69,0,0.0,clear sky
633,Lamar,US,33.6668,-95.5836,39.18,62,0,0.0,clear sky
634,Lewiston,US,44.1003,-70.2148,26.38,79,62,4.0,broken clouds
635,San Roque,ES,36.2107,-5.3842,58.03,82,100,31.07,mist
636,Nemuro,JP,43.3236,145.575,30.92,82,6,7.67,clear sky
637,Flinders,AU,-34.5833,150.8552,87.06,48,5,15.97,clear sky
638,Bikaner,IN,28.0167,73.3,67.14,20,6,5.35,clear sky
639,South Sioux City,US,42.4739,-96.4136,33.75,75,0,6.91,clear sky
640,Chase,CA,50.8165,-119.6857,35.15,98,100,3.13,overcast clouds
641,Shimsk,RU,58.212,30.7127,24.01,90,100,15.9,overcast clouds
642,Santiago Del Estero,AR,-27.7951,-64.2615,61.18,32,99,5.37,overcast clouds
643,Tiznit,MA,29.5833,-9.5,52.97,66,0,7.31,clear sky
644,Grants,US,35.1473,-107.8514,30.43,24,0,8.05,clear sky
645,Taseyevo,RU,57.2169,94.8978,18.77,92,100,9.93,overcast clouds
646,Egvekinot,RU,66.3167,-179.1667,-21.17,86,100,13.89,overcast clouds
647,Nam Som,TH,17.7704,102.1895,76.08,46,52,3.4,broken clouds
648,Sao Miguel Do Araguaia,BR,-13.275,-50.1628,71.98,92,100,3.56,overcast clouds
649,Batagay-Alyta,RU,67.8006,130.4114,-14.01,96,100,1.05,overcast clouds
650,Nouadhibou,MR,20.931,-17.0347,60.78,72,0,20.71,clear sky
651,Bitam,GA,2.076,11.5007,66.99,95,98,2.1,overcast clouds
652,Alice Town,BS,25.7167,-79.3,76.96,80,86,8.32,overcast clouds
653,Verkh-Usugli,RU,52.7,115.1667,-0.74,81,50,2.55,scattered clouds
654,Khuchni,RU,41.9499,47.9485,26.87,59,5,6.64,clear sky
655,Songjianghe,CN,42.1859,127.479,26.82,84,100,3.56,light snow
656,Fethiye,TR,36.6217,29.1164,37.27,73,28,3.47,scattered clouds
657,Aksu,CN,41.1231,80.2644,33.94,67,100,6.58,light snow
658,Aquin,HT,18.2833,-73.4,76.01,77,47,2.04,scattered clouds
659,Jackson,US,42.4165,-122.8345,50.95,44,0,0.0,clear sky
660,Padang,ID,-0.9492,100.3543,82.45,70,60,3.62,broken clouds
661,Beipiao,CN,41.7919,120.7792,26.6,36,100,12.01,overcast clouds
662,Nanakuli,US,21.3906,-158.1547,71.55,73,100,0.0,light intensity drizzle
663,Lasa,IT,46.6166,10.7002,43.52,78,100,5.95,overcast clouds
664,Soma,TR,39.1855,27.6094,39.51,74,0,2.73,clear sky
665,Honningsvag,NO,70.9821,25.9704,29.95,74,75,2.3,broken clouds
666,Miyazu,JP,35.5333,135.1833,42.96,85,100,5.08,overcast clouds
667,Kilindoni,TZ,-7.9139,39.6668,80.31,75,86,14.34,overcast clouds
668,Taylorville,US,39.5489,-89.2945,27.88,80,0,0.0,clear sky
669,Bud,US,39.447,-86.1758,28.45,69,6,4.92,clear sky
670,Lashio,MM,22.9333,97.75,63.79,60,0,1.01,clear sky
671,Horki,BY,54.2861,30.9842,25.65,96,100,20.94,snow
672,Grand Island,US,40.925,-98.342,33.03,73,4,7.0,clear sky
673,Alappuzha,IN,9.49,76.3264,72.91,76,27,6.62,scattered clouds
674,Idlib,SY,35.9306,36.6339,37.45,68,4,2.48,clear sky
675,Kjopsvik,NO,68.097,16.3742,31.87,82,100,6.2,light snow
676,Paka,MY,4.6374,103.4368,79.38,84,83,5.57,broken clouds
677,Frontera,MX,26.9333,-101.45,49.32,24,99,1.01,overcast clouds
678,Bhadrapur,NP,26.544,88.0944,69.26,40,1,4.43,clear sky
679,Poltavka,RU,54.3663,71.7632,6.48,93,100,8.46,overcast clouds
680,Nabire,ID,-3.3667,135.4833,80.2,83,97,0.74,overcast clouds
681,Rakiv Lis,UA,51.6217,24.9243,44.78,66,100,22.44,overcast clouds
682,Kamenka,RU,51.3223,42.7678,-1.12,100,100,3.71,overcast clouds
683,Tazovskiy,RU,67.4667,78.7,13.86,86,100,8.68,overcast clouds
684,Lieksa,FI,63.3167,30.0167,25.14,90,100,15.17,overcast clouds
685,Nancha,CN,47.1333,129.2667,17.65,54,5,10.54,clear sky
686,Hofn,IS,64.2539,-15.2082,29.7,56,13,8.75,few clouds
687,Cottonwood,US,34.7392,-112.0099,46.96,37,100,1.99,overcast clouds
688,Rundu,NA,-17.9333,19.7667,72.21,15,100,8.08,overcast clouds
689,Narrabri,AU,-30.3167,149.7833,96.53,35,0,4.0,clear sky
690,Ilo,PE,-17.6394,-71.3375,73.85,87,34,3.42,scattered clouds
691,Rio Grande,BR,-32.035,-52.0986,55.94,45,0,15.75,clear sky
692,Butembo,CD,0.15,29.2833,59.86,50,24,0.98,few clouds
693,Port Said,EG,31.2565,32.2841,58.62,62,0,15.48,clear sky
694,Jacareacanga,BR,-6.2222,-57.7528,72.36,99,100,0.85,light rain
695,Strezhevoy,RU,60.7333,77.5889,-10.5,100,95,3.6,overcast clouds
696,Maralal,KE,1.0968,36.698,57.2,64,12,7.25,few clouds
697,Marquette,US,46.5333,-87.6335,24.67,43,100,15.46,overcast clouds
